{
  "config": {
    "device": "cuda",
    "dtype": "float16",
    "engines": [
      "minimamba-mamba1-130m",
      "minimamba-mamba2-130m",
      "mambassm-mamba1-130m",
      "mambassm-mamba2-130m",
      "pythia-160m",
      "pythia-2.8b"
    ],
    "batches": [
      1,
      4
    ],
    "prompt_lens": [
      128,
      1024,
      4096
    ],
    "gen_lens": [
      128
    ],
    "iters": 3,
    "warmups": 1,
    "use_triton": false,
    "outdir": "benchmarks/results",
    "tag": "suite_v1"
  },
  "rows": [
    {
      "engine": "minimamba-mamba1",
      "model": "state-spaces/mamba-130m-hf",
      "batch": 1,
      "prompt_len": 128,
      "gen_len": 128,
      "dtype": "float16",
      "params_m": 129.13536,
      "prefill_ms": 119.13728332519531,
      "ttft_ms": 119.18950653076172,
      "decode_ms_per_tok": 17.755008697509766,
      "decode_tok_s": 56.32213518094505,
      "peak_mb": 643.248046875,
      "bytes_per_param": 4.9811921914725765,
      "ok": true,
      "error": "",
      "extra": {}
    },
    {
      "engine": "minimamba-mamba1",
      "model": "state-spaces/mamba-130m-hf",
      "batch": 1,
      "prompt_len": 1024,
      "gen_len": 128,
      "dtype": "float16",
      "params_m": 129.13536,
      "prefill_ms": 1016.7449340820312,
      "ttft_ms": 1017.0501098632812,
      "decode_ms_per_tok": 17.41004753112793,
      "decode_tok_s": 57.43809706504655,
      "peak_mb": 3356.1875,
      "bytes_per_param": 25.989686326038047,
      "ok": true,
      "error": "",
      "extra": {}
    },
    {
      "engine": "minimamba-mamba1",
      "model": "state-spaces/mamba-130m-hf",
      "batch": 1,
      "prompt_len": 4096,
      "gen_len": 128,
      "dtype": "float16",
      "params_m": 129.13536,
      "prefill_ms": 4720.2578125,
      "ttft_ms": 4720.62255859375,
      "decode_ms_per_tok": 17.26679229736328,
      "decode_tok_s": 57.914636533428656,
      "peak_mb": 12653.265625,
      "bytes_per_param": 97.98451504684698,
      "ok": true,
      "error": "",
      "extra": {}
    },
    {
      "engine": "minimamba-mamba1",
      "model": "state-spaces/mamba-130m-hf",
      "batch": 4,
      "prompt_len": 128,
      "gen_len": 128,
      "dtype": "float16",
      "params_m": 129.13536,
      "prefill_ms": 421.8910827636719,
      "ttft_ms": 422.0908508300781,
      "decode_ms_per_tok": 17.8336238861084,
      "decode_tok_s": 56.07385276185821,
      "peak_mb": 1809.3525390625,
      "bytes_per_param": 14.011286599290079,
      "ok": true,
      "error": "",
      "extra": {}
    },
    {
      "engine": "minimamba-mamba1",
      "model": "state-spaces/mamba-130m-hf",
      "batch": 4,
      "prompt_len": 1024,
      "gen_len": 128,
      "dtype": "float16",
      "params_m": 129.13536,
      "prefill_ms": 4047.44091796875,
      "ttft_ms": 4047.95703125,
      "decode_ms_per_tok": 17.98004722595215,
      "decode_tok_s": 55.61720653083792,
      "peak_mb": 12656.08984375,
      "bytes_per_param": 98.00638526697878,
      "ok": true,
      "error": "",
      "extra": {}
    },
    {
      "engine": "minimamba-mamba1",
      "model": "state-spaces/mamba-130m-hf",
      "batch": 4,
      "prompt_len": 4096,
      "gen_len": 128,
      "dtype": "float16",
      "params_m": 129.13536,
      "prefill_ms": NaN,
      "ttft_ms": NaN,
      "decode_ms_per_tok": NaN,
      "decode_tok_s": NaN,
      "peak_mb": NaN,
      "bytes_per_param": NaN,
      "ok": false,
      "error": "OOM: CUDA out of memory. Tried to allocate 1.50 GiB. GPU 0 has a total capacity of 22.06 GiB of which 809.44 MiB is free. Including non-PyTorch memory, this process has 21.26 GiB memory in use. Of the allo",
      "extra": {}
    },
    {
      "engine": "minimamba-mamba2",
      "model": "state-spaces/mamba2-130m",
      "batch": 1,
      "prompt_len": 128,
      "gen_len": 128,
      "dtype": "float16",
      "params_m": 128.989632,
      "prefill_ms": 45.25260925292969,
      "ttft_ms": 47.37126541137695,
      "decode_ms_per_tok": 19.233383178710938,
      "decode_tok_s": 51.99293284537069,
      "peak_mb": 310.84521484375,
      "bytes_per_param": 2.409846512654211,
      "ok": true,
      "error": "",
      "extra": {}
    },
    {
      "engine": "minimamba-mamba2",
      "model": "state-spaces/mamba2-130m",
      "batch": 1,
      "prompt_len": 1024,
      "gen_len": 128,
      "dtype": "float16",
      "params_m": 128.989632,
      "prefill_ms": 46.301185607910156,
      "ttft_ms": 46.40460968017578,
      "decode_ms_per_tok": 19.374223709106445,
      "decode_tok_s": 51.614971263595514,
      "peak_mb": 440.14794921875,
      "bytes_per_param": 3.41227385793883,
      "ok": true,
      "error": "",
      "extra": {}
    },
    {
      "engine": "minimamba-mamba2",
      "model": "state-spaces/mamba2-130m",
      "batch": 1,
      "prompt_len": 4096,
      "gen_len": 128,
      "dtype": "float16",
      "params_m": 128.989632,
      "prefill_ms": 160.99839782714844,
      "ttft_ms": 161.15097045898438,
      "decode_ms_per_tok": 19.35807228088379,
      "decode_tok_s": 51.65803626983591,
      "peak_mb": 953.603515625,
      "bytes_per_param": 7.392869495317267,
      "ok": true,
      "error": "",
      "extra": {}
    },
    {
      "engine": "minimamba-mamba2",
      "model": "state-spaces/mamba2-130m",
      "batch": 4,
      "prompt_len": 128,
      "gen_len": 128,
      "dtype": "float16",
      "params_m": 128.989632,
      "prefill_ms": 47.37228775024414,
      "ttft_ms": 47.783935546875,
      "decode_ms_per_tok": 19.516136169433594,
      "decode_tok_s": 51.23965068281354,
      "peak_mb": 463.708984375,
      "bytes_per_param": 3.5949322219556374,
      "ok": true,
      "error": "",
      "extra": {}
    },
    {
      "engine": "minimamba-mamba2",
      "model": "state-spaces/mamba2-130m",
      "batch": 4,
      "prompt_len": 1024,
      "gen_len": 128,
      "dtype": "float16",
      "params_m": 128.989632,
      "prefill_ms": 161.29945373535156,
      "ttft_ms": 161.42437744140625,
      "decode_ms_per_tok": 19.83420753479004,
      "decode_tok_s": 50.41794577605169,
      "peak_mb": 976.841796875,
      "bytes_per_param": 7.573025689963981,
      "ok": true,
      "error": "",
      "extra": {}
    },
    {
      "engine": "minimamba-mamba2",
      "model": "state-spaces/mamba2-130m",
      "batch": 4,
      "prompt_len": 4096,
      "gen_len": 128,
      "dtype": "float16",
      "params_m": 128.989632,
      "prefill_ms": 637.9570922851562,
      "ttft_ms": 638.181396484375,
      "decode_ms_per_tok": 19.89856719970703,
      "decode_tok_s": 50.25487463312047,
      "peak_mb": 3014.560546875,
      "bytes_per_param": 23.3705647510879,
      "ok": true,
      "error": "",
      "extra": {}
    },
    {
      "engine": "mambassm-mamba1",
      "model": "state-spaces/mamba-130m-hf",
      "batch": 1,
      "prompt_len": 128,
      "gen_len": 128,
      "dtype": "float16",
      "params_m": 129.13536,
      "prefill_ms": 21.501920700073242,
      "ttft_ms": 25.07904052734375,
      "decode_ms_per_tok": 20.178224563598633,
      "decode_tok_s": 49.5583740208736,
      "peak_mb": 306.796875,
      "bytes_per_param": 2.3757774400443075,
      "ok": true,
      "error": "",
      "extra": {}
    },
    {
      "engine": "mambassm-mamba1",
      "model": "state-spaces/mamba-130m-hf",
      "batch": 1,
      "prompt_len": 1024,
      "gen_len": 128,
      "dtype": "float16",
      "params_m": 129.13536,
      "prefill_ms": 23.774208068847656,
      "ttft_ms": 26.915775299072266,
      "decode_ms_per_tok": 17.27968406677246,
      "decode_tok_s": 57.871428443701994,
      "peak_mb": 650.53515625,
      "bytes_per_param": 5.037622199295376,
      "ok": true,
      "error": "",
      "extra": {}
    },
    {
      "engine": "mambassm-mamba1",
      "model": "state-spaces/mamba-130m-hf",
      "batch": 1,
      "prompt_len": 4096,
      "gen_len": 128,
      "dtype": "float16",
      "params_m": 129.13536,
      "prefill_ms": 55.93907165527344,